payment_id,booking_id,payment_date,amount,payment_method,payment_status,transaction_id
1,1,2026-09-07 10:15:00,2500.0,UPI,SUCCESS,TXN10001
2,2,2026-09-07 11:20:00,1800.0,CARD,SUCCESS,TXN10002
3,3,2026-09-07 12:05:00,2200.0,NET BANKING,REFUNDED,TXN10003
4,4,2026-09-07 13:10:00,1800.0,UPI,SUCCESS,TXN10004
5,5,2026-09-08 09:30:00,1600.0,CARD,SUCCESS,TXN10005
6,6,2026-09-08 10:00:00,2100.0,UPI,SUCCESS,TXN10006
7,7,2026-09-08 11:45:00,1700.0,CARD,SUCCESS,TXN10007
8,8,2026-09-09 14:20:00,2400.0,NET BANKING,SUCCESS,TXN10008
9,9,2026-09-09 15:10:00,2300.0,UPI,SUCCESS,TXN10009
10,10,2026-09-09 16:05:00,2000.0,CARD,SUCCESS,TXN10010
