seat_id,coach_id,seat_number,seat_type
1,1,1,Lower
2,1,2,Middle
3,1,3,Upper
4,1,4,Lower
5,1,5,Middle
6,1,6,Upper
7,1,7,Lower
8,1,8,Middle
9,1,9,Upper
10,1,10,Lower
11,1,11,Middle
12,1,12,Upper
13,2,1,Lower
14,2,2,Middle
15,2,3,Upper
16,2,4,Lower
17,2,5,Middle
18,2,6,Upper
19,2,7,Lower
20,2,8,Middle
21,2,9,Upper
22,2,10,Lower
23,2,11,Middle
24,2,12,Upper
25,3,1,Window
26,3,2,Aisle
27,3,3,Window
28,3,4,Aisle
29,3,5,Window
30,3,6,Aisle
31,3,7,Window
32,3,8,Aisle
33,3,9,Window
34,3,10,Aisle
35,3,11,Window
36,3,12,Aisle
37,4,1,Lower
38,4,2,Middle
39,4,3,Upper
40,4,4,Lower
41,4,5,Middle
42,4,6,Upper
43,4,7,Lower
44,4,8,Middle
45,4,9,Upper
46,4,10,Lower
47,4,11,Middle
48,4,12,Upper
49,5,1,Window
50,5,2,Aisle
51,5,3,Window
52,5,4,Aisle
53,5,5,Window
54,5,6,Aisle
55,5,7,Window
56,5,8,Aisle
57,5,9,Window
58,5,10,Aisle
59,5,11,Window
60,5,12,Aisle
61,6,1,Window
62,6,2,Aisle
63,6,3,Window
64,6,4,Aisle
65,6,5,Window
66,6,6,Aisle
67,6,7,Window
68,6,8,Aisle
69,6,9,Window
70,6,10,Aisle
71,6,11,Window
72,6,12,Aisle
