availability_id,seat_id,journey_date,status
1,1,2026-09-10,Booked
2,2,2026-09-10,Booked
3,3,2026-09-10,Available
4,4,2026-09-10,Booked
5,5,2026-09-10,Booked
6,6,2026-09-10,Booked
7,7,2026-09-10,Booked
8,8,2026-09-10,Booked
9,9,2026-09-10,Booked
10,10,2026-09-10,Booked
11,11,2026-09-10,Booked
12,12,2026-09-10,Booked
13,13,2026-09-10,Booked
14,14,2026-09-10,Booked
15,15,2026-09-10,Available
16,16,2026-09-10,Available
17,17,2026-09-10,Available
18,18,2026-09-10,Available
19,19,2026-09-10,Available
20,20,2026-09-10,Available
21,21,2026-09-10,Available
22,22,2026-09-10,Available
23,23,2026-09-10,Available
24,24,2026-09-10,Available
25,25,2026-09-10,Booked
26,26,2026-09-10,Booked
27,27,2026-09-10,Available
28,28,2026-09-10,Available
29,29,2026-09-10,Available
30,30,2026-09-10,Available
31,31,2026-09-10,Available
32,32,2026-09-10,Available
33,33,2026-09-10,Available
34,34,2026-09-10,Available
35,35,2026-09-10,Available
36,36,2026-09-10,Available
37,37,2026-09-10,Available
38,38,2026-09-10,Available
39,39,2026-09-10,Available
40,40,2026-09-10,Available
41,41,2026-09-10,Available
42,42,2026-09-10,Available
43,43,2026-09-10,Available
44,44,2026-09-10,Available
45,45,2026-09-10,Available
46,46,2026-09-10,Available
47,47,2026-09-10,Available
48,48,2026-09-10,Available
49,49,2026-09-10,Available
50,50,2026-09-10,Available
51,51,2026-09-10,Available
52,52,2026-09-10,Available
53,53,2026-09-10,Available
54,54,2026-09-10,Available
55,55,2026-09-10,Available
56,56,2026-09-10,Available
57,57,2026-09-10,Available
58,58,2026-09-10,Available
59,59,2026-09-10,Available
60,60,2026-09-10,Available
61,61,2026-09-10,Available
62,62,2026-09-10,Available
63,63,2026-09-10,Available
64,64,2026-09-10,Available
65,65,2026-09-10,Available
66,66,2026-09-10,Available
67,67,2026-09-10,Available
68,68,2026-09-10,Available
69,69,2026-09-10,Available
70,70,2026-09-10,Available
71,71,2026-09-10,Available
72,72,2026-09-10,Available
73,1,2026-09-11,Available
74,2,2026-09-11,Booked
75,3,2026-09-11,Booked
76,4,2026-09-11,Available
77,5,2026-09-11,Available
78,6,2026-09-11,Available
79,7,2026-09-11,Available
80,8,2026-09-11,Available
81,9,2026-09-11,Available
82,10,2026-09-11,Available
83,11,2026-09-11,Available
84,12,2026-09-11,Available
85,13,2026-09-11,Available
86,14,2026-09-11,Booked
87,15,2026-09-11,Booked
88,16,2026-09-11,Available
89,17,2026-09-11,Available
90,18,2026-09-11,Available
91,19,2026-09-11,Available
92,20,2026-09-11,Available
93,21,2026-09-11,Available
94,22,2026-09-11,Available
95,23,2026-09-11,Available
96,24,2026-09-11,Available
97,25,2026-09-11,Available
98,26,2026-09-11,Booked
99,27,2026-09-11,Booked
100,28,2026-09-11,Available
101,29,2026-09-11,Available
102,30,2026-09-11,Available
103,31,2026-09-11,Available
104,32,2026-09-11,Available
105,33,2026-09-11,Available
106,34,2026-09-11,Available
107,35,2026-09-11,Available
108,36,2026-09-11,Available
109,37,2026-09-11,Booked
110,38,2026-09-11,Booked
111,39,2026-09-11,Available
112,40,2026-09-11,Available
113,41,2026-09-11,Available
114,42,2026-09-11,Available
115,43,2026-09-11,Available
116,44,2026-09-11,Available
117,45,2026-09-11,Available
118,46,2026-09-11,Available
119,47,2026-09-11,Available
120,48,2026-09-11,Available
121,49,2026-09-11,Available
122,50,2026-09-11,Available
123,51,2026-09-11,Available
124,52,2026-09-11,Available
125,53,2026-09-11,Available
126,54,2026-09-11,Available
127,55,2026-09-11,Available
128,56,2026-09-11,Available
129,57,2026-09-11,Available
130,58,2026-09-11,Available
131,59,2026-09-11,Available
132,60,2026-09-11,Available
133,61,2026-09-11,Available
134,62,2026-09-11,Available
135,63,2026-09-11,Available
136,64,2026-09-11,Available
137,65,2026-09-11,Available
138,66,2026-09-11,Available
139,67,2026-09-11,Available
140,68,2026-09-11,Available
141,69,2026-09-11,Available
142,70,2026-09-11,Available
143,71,2026-09-11,Available
144,72,2026-09-11,Available
145,1,2026-09-12,Booked
146,2,2026-09-12,Available
147,3,2026-09-12,Available
148,4,2026-09-12,Available
149,5,2026-09-12,Booked
150,6,2026-09-12,Available
151,7,2026-09-12,Available
152,8,2026-09-12,Available
153,9,2026-09-12,Available
154,10,2026-09-12,Available
155,11,2026-09-12,Available
156,12,2026-09-12,Available
157,13,2026-09-12,Booked
158,14,2026-09-12,Available
159,15,2026-09-12,Available
160,16,2026-09-12,Available
161,17,2026-09-12,Booked
162,18,2026-09-12,Available
163,19,2026-09-12,Available
164,20,2026-09-12,Available
165,21,2026-09-12,Available
166,22,2026-09-12,Available
167,23,2026-09-12,Available
168,24,2026-09-12,Available
169,25,2026-09-12,Booked
170,26,2026-09-12,Available
171,27,2026-09-12,Available
172,28,2026-09-12,Available
173,29,2026-09-12,Booked
174,30,2026-09-12,Available
175,31,2026-09-12,Available
176,32,2026-09-12,Available
177,33,2026-09-12,Available
178,34,2026-09-12,Available
179,35,2026-09-12,Available
180,36,2026-09-12,Available
181,37,2026-09-12,Booked
182,38,2026-09-12,Available
183,39,2026-09-12,Available
184,40,2026-09-12,Available
185,41,2026-09-12,Booked
186,42,2026-09-12,Available
187,43,2026-09-12,Available
188,44,2026-09-12,Available
189,45,2026-09-12,Available
190,46,2026-09-12,Available
191,47,2026-09-12,Available
192,48,2026-09-12,Available
193,49,2026-09-12,Booked
194,50,2026-09-12,Available
195,51,2026-09-12,Available
196,52,2026-09-12,Available
197,53,2026-09-12,Booked
198,54,2026-09-12,Available
199,55,2026-09-12,Available
200,56,2026-09-12,Available
201,57,2026-09-12,Available
202,58,2026-09-12,Available
203,59,2026-09-12,Available
204,60,2026-09-12,Available
205,61,2026-09-12,Booked
206,62,2026-09-12,Available
207,63,2026-09-12,Available
208,64,2026-09-12,Available
209,65,2026-09-12,Booked
210,66,2026-09-12,Available
211,67,2026-09-12,Available
212,68,2026-09-12,Available
213,69,2026-09-12,Available
214,70,2026-09-12,Available
215,71,2026-09-12,Available
216,72,2026-09-12,Available
